Id,target,0
0,114.58211740093627
1,118.00790469292252
2,-21.737805913224083
3,-43.93450468139515
4,-95.91466980707656
5,-44.51042852684934
